{
  "aggregates": {
    "HD_BA": {
      "max": 3.9378139972686768,
      "min": 0.40625,
      "std": 0.6864711382844629,
      "25pc": 0.70001220703125,
      "50pc": 0.799986720085144,
      "75pc": 1.1208128929138184,
      "mean": 1.0387563611779893,
      "count": 70.0
    },
    "clDice": {
      "max": 1.0,
      "min": 0.8305911879531512,
      "std": 0.02417610485884234,
      "25pc": 0.9804151047655347,
      "50pc": 0.9949378892973147,
      "75pc": 1.0,
      "mean": 0.9857191184703067,
      "count": 70.0
    },
    "Dice_BA": {
      "max": 0.9864181933038535,
      "min": 0.8592542828350689,
      "std": 0.029765573539852312,
      "25pc": 0.9279994359107872,
      "50pc": 0.9484455541237113,
      "75pc": 0.9650496004290354,
      "mean": 0.9433287602629753,
      "count": 70.0
    },
    "HD95_BA": {
      "max": 2.4538543224334717,
      "min": 0.0,
      "std": 0.3853302721065495,
      "25pc": 0.40625,
      "50pc": 0.43964843749999793,
      "75pc": 0.52783203125,
      "mean": 0.5314348108427863,
      "count": 70.0
    },
    "HD_Acom": {
      "max": 90.0,
      "min": 0.5220437049865723,
      "std": 29.220991652809495,
      "25pc": 0.7919231951236725,
      "50pc": 1.0063945651054382,
      "75pc": 1.366298645734787,
      "mean": 11.823349008272434,
      "count": 58.0
    },
    "B0err_BA": {
      "max": 0.0,
      "min": 0.0,
      "std": 0.0,
      "25pc": 0.0,
      "50pc": 0.0,
      "75pc": 0.0,
      "mean": 0.0,
      "count": 70.0
    },
    "HD_L-ACA": {
      "max": 11.770319938659668,
      "min": 0.5275679230690002,
      "std": 1.5568714685496474,
      "25pc": 0.75,
      "50pc": 0.8886071443557739,
      "75pc": 1.1735505759716034,
      "mean": 1.282879912001746,
      "count": 70.0
    },
    "HD_L-ICA": {
      "max": 3.6802706718444824,
      "min": 0.36328125,
      "std": 0.7121243591093324,
      "25pc": 0.8684037774801254,
      "50pc": 1.1269633769989014,
      "75pc": 1.76738241314888,
      "mean": 1.3666227425847735,
      "count": 70.0
    },
    "HD_L-MCA": {
      "max": 11.081202507019043,
      "min": 0.36328125,
      "std": 1.9162361835528516,
      "25pc": 0.6928882896900177,
      "50pc": 0.771484375,
      "75pc": 1.1258649230003357,
      "mean": 1.4294788386140551,
      "count": 70.0
    },
    "HD_L-PCA": {
      "max": 15.533617973327637,
      "min": 0.38671875,
      "std": 2.173725290337333,
      "25pc": 0.7066195905208588,
      "50pc": 0.815862774848938,
      "75pc": 1.1408425569534302,
      "mean": 1.4382571211883,
      "count": 70.0
    },
    "HD_R-ACA": {
      "max": 18.670053482055664,
      "min": 0.6794854402542114,
      "std": 2.365881406942315,
      "25pc": 0.7997463643550873,
      "50pc": 0.9307315647602081,
      "75pc": 1.209294319152832,
      "mean": 1.571942513329642,
      "count": 70.0
    },
    "HD_R-ICA": {
      "max": 12.474811553955078,
      "min": 0.6104320287704468,
      "std": 1.5377307388840329,
      "25pc": 0.8660705238580704,
      "50pc": 1.0712976455688477,
      "75pc": 1.7506659030914307,
      "mean": 1.5130189742360796,
      "count": 70.0
    },
    "HD_R-MCA": {
      "max": 11.899948120117188,
      "min": 0.396484375,
      "std": 1.5343563722299154,
      "25pc": 0.699951171875,
      "50pc": 0.765625,
      "75pc": 0.9863534569740295,
      "mean": 1.1502834132739477,
      "count": 70.0
    },
    "HD_R-PCA": {
      "max": 7.630163669586182,
      "min": 0.48046875,
      "std": 1.4585875779757753,
      "25pc": 0.70001220703125,
      "50pc": 0.75,
      "75pc": 1.0403225421905518,
      "mean": 1.4086491712502072,
      "count": 70.0
    },
    "dect_avg": {
      "8": {
        "label": "R-Pcom",
        "recall": 0.8888888888888888,
        "f1_score": 0.9056603773584906,
        "precision": 0.9230769230769231
      },
      "9": {
        "label": "L-Pcom",
        "recall": 0.85,
        "f1_score": 0.8095238095238095,
        "precision": 0.7727272727272727
      },
      "10": {
        "label": "Acom",
        "recall": 0.875,
        "f1_score": 0.9158878504672897,
        "precision": 0.9607843137254902
      },
      "15": {
        "label": "3rd-A2",
        "recall": 0.6666666666666666,
        "f1_score": 0.8,
        "precision": 1.0
      },
      "recall": {
        "std": 0.08969631118803459,
        "mean": 0.8201388888888889
      },
      "f1_score": {
        "std": 0.0532358914786133,
        "mean": 0.8577680093373974
      },
      "precision": {
        "std": 0.08605965870911472,
        "mean": 0.9141471273824215
      }
    },
    "gt_fname": {
      "freq": 1,
      "count": 70
    },
    "Dice_Acom": {
      "max": 0.9344262295081968,
      "min": 0.0,
      "std": 0.27611821491764826,
      "25pc": 0.6375811688311688,
      "50pc": 0.7579555054914109,
      "75pc": 0.8392259913999044,
      "mean": 0.6671212002066998,
      "count": 58.0
    },
    "HD95_Acom": {
      "max": 90.0,
      "min": 0.369140625,
      "std": 29.311434706076742,
      "25pc": 0.5611601918935776,
      "50pc": 0.75,
      "75pc": 1.0528178811073303,
      "mean": 11.578153599952829,
      "count": 58.0
    },
    "HD_3rd-A2": {
      "max": 90.0,
      "min": 0.6021456122398376,
      "std": 45.66858671867727,
      "25pc": 0.789638489484787,
      "50pc": 2.523045063018799,
      "75pc": 68.53535974025726,
      "mean": 31.066589444875717,
      "count": 6.0
    },
    "HD_L-Pcom": {
      "max": 90.0,
      "min": 0.699951171875,
      "std": 42.05362596933002,
      "25pc": 1.0784318447113037,
      "50pc": 1.9574522972106934,
      "75pc": 90.0,
      "mean": 29.96724576950073,
      "count": 25.0
    },
    "HD_R-Pcom": {
      "max": 90.0,
      "min": 0.6104320287704468,
      "std": 30.56027742791354,
      "25pc": 1.224609375,
      "50pc": 2.1501352787017822,
      "75pc": 7.1012773513793945,
      "mean": 15.217070263007592,
      "count": 29.0
    },
    "B0err_Acom": {
      "max": 1.0,
      "min": 0.0,
      "std": 0.3286114437199938,
      "25pc": 0.0,
      "50pc": 0.0,
      "75pc": 0.0,
      "mean": 0.1206896551724138,
      "count": 58.0
    },
    "Dice_L-ACA": {
      "max": 0.9662921348314606,
      "min": 0.6694560669456068,
      "std": 0.043356653884744,
      "25pc": 0.9077002675893514,
      "50pc": 0.926778222930738,
      "75pc": 0.9435377288494,
      "mean": 0.9170398213875744,
      "count": 70.0
    },
    "Dice_L-ICA": {
      "max": 0.9782210462039487,
      "min": 0.6261180679785331,
      "std": 0.05080734704749458,
      "25pc": 0.919082443378218,
      "50pc": 0.9394216407017582,
      "75pc": 0.9532308421486687,
      "mean": 0.9250172671248098,
      "count": 70.0
    },
    "Dice_L-MCA": {
      "max": 0.964509394572025,
      "min": 0.7595959595959596,
      "std": 0.0467688149421649,
      "25pc": 0.8819888292171796,
      "50pc": 0.9095696057893734,
      "75pc": 0.9326773672856734,
      "mean": 0.8995313973350885,
      "count": 70.0
    },
    "Dice_L-PCA": {
      "max": 0.9640718562874252,
      "min": 0.628666297731046,
      "std": 0.056412456318522645,
      "25pc": 0.8962646264626463,
      "50pc": 0.9296556197664819,
      "75pc": 0.9440393121024016,
      "mean": 0.9105975459426094,
      "count": 70.0
    },
    "Dice_R-ACA": {
      "max": 0.9597347228801516,
      "min": 0.0,
      "std": 0.1156510456516639,
      "25pc": 0.8970362794436054,
      "50pc": 0.9221437821256586,
      "75pc": 0.939146257630696,
      "mean": 0.8995219504546026,
      "count": 70.0
    },
    "Dice_R-ICA": {
      "max": 0.974617782395725,
      "min": 0.7520849128127369,
      "std": 0.042505566650375165,
      "25pc": 0.9036093380185444,
      "50pc": 0.9395236488657541,
      "75pc": 0.9569184873032198,
      "mean": 0.9270194676907048,
      "count": 70.0
    },
    "Dice_R-MCA": {
      "max": 0.9749216300940439,
      "min": 0.6034912718204489,
      "std": 0.06023646548687782,
      "25pc": 0.8948905517477486,
      "50pc": 0.9206970404984425,