{
  "aggregates": {
    "HD_BA": {
      "max": 3.40439772605896,
      "min": 0.41015625,
      "std": 0.5806236055758472,
      "25pc": 0.6145752370357513,
      "50pc": 0.75,
      "75pc": 1.0361662209033966,
      "mean": 0.9635232176099505,
      "count": 70.0
    },
    "clDice": {
      "max": 1.0,
      "min": 0.9586466165413534,
      "std": 0.011521242278037837,
      "25pc": 0.9839248658318427,
      "50pc": 0.994239720499298,
      "75pc": 1.0,
      "mean": 0.990014330449508,
      "count": 70.0
    },
    "Dice_BA": {
      "max": 0.9809523809523809,
      "min": 0.7021276595744682,
      "std": 0.04813048813110295,
      "25pc": 0.8987148623277053,
      "50pc": 0.9519892729651125,
      "75pc": 0.9668409093233601,
      "mean": 0.931978451532669,
      "count": 70.0
    },
    "HD95_BA": {
      "max": 2.0368983149528503,
      "min": 0.0,
      "std": 0.3284556245214639,
      "25pc": 0.41259765625,
      "50pc": 0.4619140625,
      "75pc": 0.53857421875,
      "mean": 0.555285546353885,
      "count": 70.0
    },
    "HD_Acom": {
      "max": 90.0,
      "min": 0.431640625,
      "std": 31.336311572261746,
      "25pc": 0.8653401732444763,
      "50pc": 1.102350115776062,
      "75pc": 1.4855180382728577,
      "mean": 13.874087865390475,
      "count": 63.0
    },
    "B0err_BA": {
      "max": 0.0,
      "min": 0.0,
      "std": 0.0,
      "25pc": 0.0,
      "50pc": 0.0,
      "75pc": 0.0,
      "mean": 0.0,
      "count": 70.0
    },
    "HD_L-ACA": {
      "max": 6.163166522979736,
      "min": 0.5607135891914368,
      "std": 1.001084606680312,
      "25pc": 0.75,
      "50pc": 0.911296546459198,
      "75pc": 1.1070313155651093,
      "mean": 1.1966975331306458,
      "count": 70.0
    },
    "HD_L-ICA": {
      "max": 3.124544143676758,
      "min": 0.396484375,
      "std": 0.6552012980123557,
      "25pc": 0.760344922542572,
      "50pc": 0.9936224818229675,
      "75pc": 1.5114834904670715,
      "mean": 1.2521338590553828,
      "count": 70.0
    },
    "HD_L-MCA": {
      "max": 8.538909912109375,
      "min": 0.431640625,
      "std": 1.6575087087961284,
      "25pc": 0.70001220703125,
      "50pc": 0.7844663262367249,
      "75pc": 1.1123046875,
      "mean": 1.3666944512299128,
      "count": 70.0
    },
    "HD_L-PCA": {
      "max": 7.660892486572266,
      "min": 0.470703125,
      "std": 1.0925293741451372,
      "25pc": 0.744140625,
      "50pc": 0.7908107042312622,
      "75pc": 1.0756758153438568,
      "mean": 1.1357788911887579,
      "count": 70.0
    },
    "HD_R-ACA": {
      "max": 5.952213764190674,
      "min": 0.699951171875,
      "std": 0.8560504344238767,
      "25pc": 0.75,
      "50pc": 0.9427098035812378,
      "75pc": 1.2115339934825897,
      "mean": 1.2080224531037467,
      "count": 70.0
    },
    "HD_R-ICA": {
      "max": 10.375727653503418,
      "min": 0.36328125,
      "std": 1.295348531241654,
      "25pc": 0.7917769551277161,
      "50pc": 1.006730854511261,
      "75pc": 1.582604080438614,
      "mean": 1.4176387676170894,
      "count": 70.0
    },
    "HD_R-MCA": {
      "max": 11.899948120117188,
      "min": 0.369140625,
      "std": 1.9061877403736953,
      "25pc": 0.7000007629394531,
      "50pc": 0.75390625,
      "75pc": 0.9970398545265198,
      "mean": 1.3116410851478577,
      "count": 70.0
    },
    "HD_R-PCA": {
      "max": 4.532557010650635,
      "min": 0.48046875,
      "std": 0.8430545550675819,
      "25pc": 0.7000274658203125,
      "50pc": 0.75,
      "75pc": 1.2596208453178406,
      "mean": 1.185745655638831,
      "count": 70.0
    },
    "dect_avg": {
      "8": {
        "label": "R-Pcom",
        "recall": 0.9259259259259259,
        "f1_score": 0.9090909090909091,
        "precision": 0.8928571428571429
      },
      "9": {
        "label": "L-Pcom",
        "recall": 0.95,
        "f1_score": 0.8636363636363636,
        "precision": 0.7916666666666666
      },
      "10": {
        "label": "Acom",
        "recall": 0.8928571428571429,
        "f1_score": 0.8849557522123894,
        "precision": 0.8771929824561403
      },
      "15": {
        "label": "3rd-A2",
        "recall": 0.5,
        "f1_score": 0.6666666666666666,
        "precision": 1.0
      },
      "recall": {
        "std": 0.18425322938967006,
        "mean": 0.8171957671957671
      },
      "f1_score": {
        "std": 0.09628078648443303,
        "mean": 0.8310874229015822
      },
      "precision": {
        "std": 0.07406228892703036,
        "mean": 0.8904291979949874
      }
    },
    "gt_fname": {
      "freq": 1,
      "count": 70
    },
    "Dice_Acom": {
      "max": 0.9350649350649352,
      "min": 0.0,
      "std": 0.2802076712005002,
      "25pc": 0.5619275189167663,
      "50pc": 0.72,
      "75pc": 0.7633333333333334,
      "mean": 0.600401361748753,
      "count": 63.0
    },
    "HD95_Acom": {
      "max": 90.0,
      "min": 0.369140625,
      "std": 31.428587123722103,
      "25pc": 0.72354396879673,
      "50pc": 0.86328125,
      "75pc": 1.060725134611129,
      "mean": 13.6458022308255,
      "count": 63.0
    },
    "HD_3rd-A2": {
      "max": 90.0,
      "min": 0.6021456122398376,
      "std": 48.61580335039654,
      "25pc": 1.2360840439796448,
      "50pc": 46.11519134044647,
      "75pc": 90.0,
      "mean": 45.62286324302355,
      "count": 6.0
    },
    "HD_L-Pcom": {
      "max": 90.0,
      "min": 0.7265625,
      "std": 36.01482430397111,
      "25pc": 0.8624324202537537,
      "50pc": 1.4739229679107666,
      "75pc": 2.9626717567443848,
      "mean": 19.615072886943818,
      "count": 25.0
    },
    "HD_R-Pcom": {
      "max": 90.0,
      "min": 0.699951171875,
      "std": 26.879688642753578,
      "25pc": 1.206606924533844,
      "50pc": 1.7929516434669495,
      "75pc": 2.6266050338745117,
      "mean": 10.824681719144186,
      "count": 30.0
    },
    "B0err_Acom": {
      "max": 1.0,
      "min": 0.0,
      "std": 0.36835944955407457,
      "25pc": 0.0,
      "50pc": 0.0,
      "75pc": 0.0,
      "mean": 0.15873015873015872,
      "count": 63.0
    },
    "Dice_L-ACA": {
      "max": 0.9543918918918919,
      "min": 0.7610256410256411,
      "std": 0.03953239718181331,
      "25pc": 0.8666141657121039,
      "50pc": 0.8986236644813581,
      "75pc": 0.9198591467050226,
      "mean": 0.8911839620061327,
      "count": 70.0
    },
    "Dice_L-ICA": {
      "max": 0.9784857261067439,
      "min": 0.6056253740275285,
      "std": 0.0598942949662757,
      "25pc": 0.9119705860736993,
      "50pc": 0.9314111682532735,
      "75pc": 0.9487584380017039,
      "mean": 0.9181239594967139,
      "count": 70.0
    },
    "Dice_L-MCA": {
      "max": 0.9670886075949368,
      "min": 0.5957446808510638,
      "std": 0.07269460349552209,
      "25pc": 0.861388888888889,
      "50pc": 0.8920972416174903,
      "75pc": 0.9271054738860933,
      "mean": 0.8760263266196727,
      "count": 70.0
    },
    "Dice_L-PCA": {
      "max": 0.9551738583996648,
      "min": 0.6590909090909091,
      "std": 0.060265862187440775,
      "25pc": 0.8486491316191103,
      "50pc": 0.8968756179553095,
      "75pc": 0.9274661595733595,
      "mean": 0.8839369985614489,
      "count": 70.0
    },
    "Dice_R-ACA": {
      "max": 0.9613409029467423,
      "min": 0.638655462184874,
      "std": 0.0557485630721451,
      "25pc": 0.8545856666728273,
      "50pc": 0.8907146908678389,
      "75pc": 0.9169494720965309,
      "mean": 0.8784032805646271,
      "count": 70.0
    },
    "Dice_R-ICA": {
      "max": 0.9789329685362517,
      "min": 0.7461538461538461,
      "std": 0.045949786220555504,
      "25pc": 0.8939311809606408,
      "50pc": 0.9365620860066284,
      "75pc": 0.9590533867980973,
      "mean": 0.9232730312352059,
      "count": 70.0
    },
    "Dice_R-MCA": {
      "max": 0.9745222929936307,
      "min": 0.1396011396011396,
      "std": 0.10633873775862256,
      "25pc": 0.8478852095209085,
      "50pc": 0.9017873544215438,
      "75pc": 0.9360296496257544,