{
    "aggregates": {
      "HD_BA": {
        "max": 3.5813868045806885,
        "min": 0.369140625,
        "std": 0.5820333183475115,
        "25pc": 0.6846133172512054,
        "50pc": 0.809958428144455,
        "75pc": 1.0722525417804718,
        "mean": 0.9990186401775905,
        "count": 70.0
      },
      "clDice": {
        "max": 1.0,
        "min": 0.9302886747928533,
        "std": 0.014080078376430659,
        "25pc": 0.982639587240104,
        "50pc": 0.995316006187229,
        "75pc": 1.0,
        "mean": 0.9894369980898824,
        "count": 70.0
      },
      "Dice_BA": {
        "max": 0.9873176918199112,
        "min": 0.857429718875502,
        "std": 0.03054086212848329,
        "25pc": 0.9317069579605687,
        "50pc": 0.9550049518985864,
        "75pc": 0.9716480103299185,
        "mean": 0.9477393614648845,
        "count": 70.0
      },
      "HD95_BA": {
        "max": 2.3638375163078305,
        "min": 0.0,
        "std": 0.35358718908169384,
        "25pc": 0.4013671875,
        "50pc": 0.431640625,
        "75pc": 0.5166015625,
        "mean": 0.48959451815911675,
        "count": 70.0
      },
      "HD_Acom": {
        "max": 90.0,
        "min": 0.431640625,
        "std": 27.11826043756223,
        "25pc": 0.75,
        "50pc": 0.9217591285705566,
        "75pc": 1.3309487104415894,
        "mean": 10.107998801490007,
        "count": 59.0
      },
      "B0err_BA": {
        "max": 0.0,
        "min": 0.0,
        "std": 0.0,
        "25pc": 0.0,
        "50pc": 0.0,
        "75pc": 0.0,
        "mean": 0.0,
        "count": 70.0
      },
      "HD_L-ACA": {
        "max": 6.163166522979736,
        "min": 0.373046875,
        "std": 1.0776821981865217,
        "25pc": 0.75,
        "50pc": 0.8667955994606018,
        "75pc": 1.2198319733142853,
        "mean": 1.2265310176781246,
        "count": 70.0
      },
      "HD_L-ICA": {
        "max": 3.6802706718444824,
        "min": 0.42578125,
        "std": 0.670435032218085,
        "25pc": 0.8626446276903152,
        "50pc": 1.2206480503082275,
        "75pc": 1.6967327296733856,
        "mean": 1.3710603211607253,
        "count": 70.0
      },
      "HD_L-MCA": {
        "max": 8.107077598571777,
        "min": 0.369140625,
        "std": 1.7068818359376785,
        "25pc": 0.5945497304201126,
        "50pc": 0.75,
        "75pc": 0.8755147308111191,
        "mean": 1.2688193159443992,
        "count": 70.0
      },
      "HD_L-PCA": {
        "max": 90.0,
        "min": 0.404296875,
        "std": 10.672530874691336,
        "25pc": 0.7066497802734375,
        "50pc": 0.75,
        "75pc": 1.0308180153369904,
        "mean": 2.328567862510681,
        "count": 70.0
      },
      "HD_R-ACA": {
        "max": 8.474599838256836,
        "min": 0.501953125,
        "std": 1.3130237225189487,
        "25pc": 0.75,
        "50pc": 0.95225989818573,
        "75pc": 1.336412936449051,
        "mean": 1.3839723025049482,
        "count": 70.0
      },
      "HD_R-ICA": {
        "max": 10.913384437561035,
        "min": 0.5275679230690002,
        "std": 1.4376320294511975,
        "25pc": 0.8475328981876373,
        "50pc": 1.2212260961532593,
        "75pc": 1.5766124725341797,
        "mean": 1.5384011243070874,
        "count": 70.0
      },
      "HD_R-MCA": {
        "max": 11.899948120117188,
        "min": 0.349609375,
        "std": 1.965982549411424,
        "25pc": 0.6104320287704468,
        "50pc": 0.75,
        "75pc": 0.9196217656135559,
        "mean": 1.2759036098207746,
        "count": 70.0
      },
      "HD_R-PCA": {
        "max": 6.333591461181641,
        "min": 0.369140625,
        "std": 1.0177325677446667,
        "25pc": 0.6846018731594086,
        "50pc": 0.75,
        "75pc": 1.0418902039527893,
        "mean": 1.1623292522771018,
        "count": 70.0
      },
      "dect_avg": {
        "8": {
          "label": "R-Pcom",
          "recall": 0.9259259259259259,
          "f1_score": 0.8620689655172413,
          "precision": 0.8064516129032258
        },
        "9": {
          "label": "L-Pcom",
          "recall": 0.95,
          "f1_score": 0.9047619047619048,
          "precision": 0.8636363636363636
        },
        "10": {
          "label": "Acom",
          "recall": 0.9464285714285714,
          "f1_score": 0.9464285714285714,
          "precision": 0.9464285714285714
        },
        "15": {
          "label": "3rd-A2",
          "recall": 0.16666666666666666,
          "f1_score": 0.2857142857142857,
          "precision": 1.0
        },
        "recall": {
          "std": 0.3353288532002126,
          "mean": 0.7472552910052909
        },
        "f1_score": {
          "std": 0.2695625368314613,
          "mean": 0.7497434318555007
        },
        "precision": {
          "std": 0.07443290255944697,
          "mean": 0.9041291369920401
        }
      },
      "gt_fname": {
        "freq": 1,
        "count": 70
      },
      "Dice_Acom": {
        "max": 0.9818181818181818,
        "min": 0.0,
        "std": 0.25459704636692415,
        "25pc": 0.6890202318708798,
        "50pc": 0.7761194029850745,
        "75pc": 0.8313474655421277,
        "mean": 0.6986271456445078,
        "count": 59.0
      },
      "HD95_Acom": {
        "max": 90.0,
        "min": 0.0,
        "std": 27.207102494309165,
        "25pc": 0.4755859375,
        "50pc": 0.74707573056221,
        "75pc": 0.890928119421005,
        "mean": 9.840853772021957,
        "count": 59.0
      },
      "HD_3rd-A2": {
        "max": 90.0,
        "min": 1.0364784002304077,
        "std": 36.319205606750884,
        "25pc": 90.0,
        "50pc": 90.0,
        "75pc": 90.0,
        "mean": 75.1727464000384,
        "count": 6.0
      },
      "HD_L-Pcom": {
        "max": 90.0,
        "min": 0.70001220703125,
        "std": 33.89222228562928,
        "25pc": 1.1746402978897095,
        "50pc": 1.5,
        "75pc": 8.966601371765137,
        "mean": 18.120647559995238,
        "count": 23.0
      },
      "HD_R-Pcom": {
        "max": 90.0,
        "min": 0.6021456122398376,
        "std": 38.25375446284906,
        "25pc": 0.8653401732444763,
        "50pc": 1.9006967544555664,
        "75pc": 7.432214260101318,
        "mean": 23.479450807426915,
        "count": 33.0
      },
      "B0err_Acom": {
        "max": 1.0,
        "min": 0.0,
        "std": 0.3048411261871976,
        "25pc": 0.0,
        "50pc": 0.0,
        "75pc": 0.0,
        "mean": 0.1016949152542373,
        "count": 59.0
      },
      "Dice_L-ACA": {
        "max": 0.9783989834815756,
        "min": 0.777875329236172,
        "std": 0.03982895183405776,
        "25pc": 0.9141925803280385,
        "50pc": 0.9351433394135744,
        "75pc": 0.950289983589681,
        "mean": 0.9234379159428409,
        "count": 70.0
      },
      "Dice_L-ICA": {
        "max": 0.977686935786067,
        "min": 0.7523076923076923,
        "std": 0.039894242475662964,
        "25pc": 0.9166770784387253,
        "50pc": 0.9427679553770182,
        "75pc": 0.9611942528006142,
        "mean": 0.9326151587388257,
        "count": 70.0
      },
      "Dice_L-MCA": {
        "max": 0.9777777777777777,
        "min": 0.626112759643917,
        "std": 0.062238967016029566,
        "25pc": 0.8963021491782553,
        "50pc": 0.9297947463897376,
        "75pc": 0.9476305842727124,
        "mean": 0.9103106139232875,
        "count": 70.0
      },
      "Dice_L-PCA": {
        "max": 0.9867909867909868,
        "min": 0.0,
        "std": 0.11814911370097723,
        "25pc": 0.9101804568394113,
        "50pc": 0.9431141915234867,
        "75pc": 0.9575536048556357,
        "mean": 0.9161735114083159,
        "count": 70.0
      },
      "Dice_R-ACA": {
        "max": 0.9712793733681463,
        "min": 0.7131198995605775,
        "std": 0.049129432236171805,
        "25pc": 0.8966680492456546,
        "50pc": 0.93105023771784,
        "75pc": 0.9492806021628766,
        "mean": 0.9144224654372355,