{
  "aggregates": {
    "HD_BA": {
      "max": 6.3794450759887695,
      "min": 0.296875,
      "std": 1.0102527410556674,
      "25pc": 0.665230467915535,
      "50pc": 0.841905266046524,
      "75pc": 1.1765075325965881,
      "mean": 1.172279549070767,
      "count": 70.0
    },
    "clDice": {
      "max": 1.0,
      "min": 0.9168553182118475,
      "std": 0.015031932222912379,
      "25pc": 0.9859983548980952,
      "50pc": 0.9955222351980378,
      "75pc": 1.0,
      "mean": 0.9895880591407855,
      "count": 70.0
    },
    "Dice_BA": {
      "max": 0.98684279498873,
      "min": 0.8450351053159478,
      "std": 0.030132406238777137,
      "25pc": 0.9276071717470363,
      "50pc": 0.9554736906323593,
      "75pc": 0.9712155041159664,
      "mean": 0.9479226854730113,
      "count": 70.0
    },
    "HD95_BA": {
      "max": 2.69157223701476,
      "min": 0.0,
      "std": 0.5323619624296714,
      "25pc": 0.296875,
      "50pc": 0.296875,
      "75pc": 0.59375,
      "mean": 0.5332908287644386,
      "count": 70.0
    },
    "HD_Acom": {
      "max": 90.0,
      "min": 0.46403881907463074,
      "std": 26.475511500368388,
      "25pc": 0.6694307327270508,
      "50pc": 1.0660099983215332,
      "75pc": 1.5147197246551514,
      "mean": 9.83822897124675,
      "count": 62.0
    },
    "B0err_BA": {
      "max": 0.0,
      "min": 0.0,
      "std": 0.0,
      "25pc": 0.0,
      "50pc": 0.0,
      "75pc": 0.0,
      "mean": 0.0,
      "count": 70.0
    },
    "HD_L-ACA": {
      "max": 7.564620018005371,
      "min": 0.296875,
      "std": 1.5235052590401366,
      "25pc": 0.669427752494812,
      "50pc": 0.8948027491569519,
      "75pc": 1.6426178514957428,
      "mean": 1.5684159913233349,
      "count": 70.0
    },
    "HD_L-ICA": {
      "max": 6.541126251220703,
      "min": 0.4198446571826935,
      "std": 1.230771837554724,
      "25pc": 0.6694301068782806,
      "50pc": 0.8948040306568146,
      "75pc": 1.2936737537384033,
      "mean": 1.34633033318179,
      "count": 70.0
    },
    "HD_L-MCA": {
      "max": 10.848114013671875,
      "min": 0.296875,
      "std": 2.2142669658057006,
      "25pc": 0.59375,
      "50pc": 0.640625,
      "75pc": 0.8441217541694641,
      "mean": 1.3291364273854664,
      "count": 70.0
    },
    "HD_L-PCA": {
      "max": 18.221729278564453,
      "min": 0.296875,
      "std": 2.400064494920827,
      "25pc": 0.5999987125396729,
      "50pc": 0.6666295528411865,
      "75pc": 1.8182332515716553,
      "mean": 1.6163428642920086,
      "count": 70.0
    },
    "HD_R-ACA": {
      "max": 9.22032356262207,
      "min": 0.4198446571826935,
      "std": 1.8753522336679864,
      "25pc": 0.6403906941413879,
      "50pc": 0.8872542381286621,
      "75pc": 1.7953176498413086,
      "mean": 1.687919323359217,
      "count": 70.0
    },
    "HD_R-ICA": {
      "max": 12.184884071350098,
      "min": 0.59375,
      "std": 1.9063423606946255,
      "25pc": 0.6638326644897461,
      "50pc": 0.8948050141334534,
      "75pc": 1.4850343465805054,
      "mean": 1.4838955521583557,
      "count": 70.0
    },
    "HD_R-MCA": {
      "max": 11.320981979370117,
      "min": 0.296875,
      "std": 1.9621107991256777,
      "25pc": 0.59375,
      "50pc": 0.6000022888183594,
      "75pc": 0.8937583118677139,
      "mean": 1.2729350681815828,
      "count": 70.0
    },
    "HD_R-PCA": {
      "max": 6.956003665924072,
      "min": 0.296875,
      "std": 1.0768360841199645,
      "25pc": 0.5999982953071594,
      "50pc": 0.6841009855270386,
      "75pc": 1.3273796439170837,
      "mean": 1.1276317077023643,
      "count": 70.0
    },
    "dect_avg": {
      "8": {
        "label": "R-Pcom",
        "recall": 1.0,
        "f1_score": 0.9393939393939394,
        "precision": 0.8857142857142857
      },
      "9": {
        "label": "L-Pcom",
        "recall": 0.9130434782608695,
        "f1_score": 0.9545454545454546,
        "precision": 1.0
      },
      "10": {
        "label": "Acom",
        "recall": 0.9310344827586207,
        "f1_score": 0.9310344827586207,
        "precision": 0.9310344827586207
      },
      "15": {
        "label": "3rd-A2",
        "recall": 0.7142857142857143,
        "f1_score": 0.7692307692307693,
        "precision": 0.8333333333333334
      },
      "recall": {
        "std": 0.10628931211566103,
        "mean": 0.8895909188263011
      },
      "f1_score": {
        "std": 0.07513724671627976,
        "mean": 0.8985511614821959
      },
      "precision": {
        "std": 0.06120582277622772,
        "mean": 0.9125205254515599
      }
    },
    "gt_fname": {
      "freq": 1,
      "count": 70
    },
    "Dice_Acom": {
      "max": 0.9430656934306569,
      "min": 0.0,
      "std": 0.2653846041070781,
      "25pc": 0.6702298675982886,
      "50pc": 0.7771636046764941,
      "75pc": 0.8396779583776395,
      "mean": 0.6808657284940731,
      "count": 62.0
    },
    "HD95_Acom": {
      "max": 90.0,
      "min": 0.296875,
      "std": 26.57996576073146,
      "25pc": 0.4523828253149986,
      "50pc": 0.6000032424926758,
      "75pc": 1.1141583293676378,
      "mean": 9.508535964642801,
      "count": 62.0
    },
    "HD_3rd-A2": {
      "max": 90.0,
      "min": 0.296875,
      "std": 46.18811486356403,
      "25pc": 0.598435640335083,
      "50pc": 1.1501892507076263,
      "75pc": 90.0,
      "mean": 34.223875127732754,
      "count": 8.0
    },
    "HD_L-Pcom": {
      "max": 90.0,
      "min": 0.296875,
      "std": 18.413505810894094,
      "25pc": 0.9147130846977234,
      "50pc": 1.601051926612854,
      "75pc": 2.849908232688904,
      "mean": 6.310943735682446,
      "count": 23.0
    },
    "HD_R-Pcom": {
      "max": 90.0,
      "min": 0.5999984741210938,
      "std": 28.439201751909636,
      "25pc": 0.8920311331748962,
      "50pc": 1.513771414756775,
      "75pc": 3.4223846197128296,
      "mean": 12.10512078830174,
      "count": 35.0
    },
    "B0err_Acom": {
      "max": 1.0,
      "min": 0.0,
      "std": 0.29806355463524553,
      "25pc": 0.0,
      "50pc": 0.0,
      "75pc": 0.0,
      "mean": 0.0967741935483871,
      "count": 62.0
    },
    "Dice_L-ACA": {
      "max": 0.9821576763485478,
      "min": 0.6551892950391645,
      "std": 0.06758694233941859,
      "25pc": 0.9072998578121199,
      "50pc": 0.9405408271046624,
      "75pc": 0.96380525368349,
      "mean": 0.9204558058173542,
      "count": 70.0
    },
    "Dice_L-ICA": {
      "max": 0.989185667752443,
      "min": 0.9248184536522853,
      "std": 0.016448271882888037,
      "25pc": 0.9614787187240575,
      "50pc": 0.9759134675020673,
      "75pc": 0.983996023699113,
      "mean": 0.9705394758556339,
      "count": 70.0
    },
    "Dice_L-MCA": {
      "max": 0.985691573926868,
      "min": 0.712241653418124,
      "std": 0.04755195151875975,
      "25pc": 0.901413699405744,
      "50pc": 0.9439989772720956,
      "75pc": 0.9624203485173621,
      "mean": 0.9259051749003794,
      "count": 70.0
    },
    "Dice_L-PCA": {
      "max": 0.9845490477901546,
      "min": 0.5261044176706827,
      "std": 0.07853357591647428,
      "25pc": 0.9137317898717885,
      "50pc": 0.9495026822498833,
      "75pc": 0.968679632126775,
      "mean": 0.924358366030574,
      "count": 70.0
    },
    "Dice_R-ACA": {
      "max": 0.9807162534435263,
      "min": 0.0,
      "std": 0.13387707944848895,
      "25pc": 0.8944235832968023,
      "50pc": 0.9410835936896121,
      "75pc": 0.964707527085491,
      "mean": 0.9008933251125364,
      "count": 70.0
    },
    "Dice_R-ICA": {
      "max": 0.9921155862818969,
      "min": 0.502921905436515,
      "std": 0.05929281464168764,
      "25pc": 0.9540964070310431,
      "50pc": 0.9770183909050316,
      "75pc": 0.983718699649426,
      "mean": 0.9615487092659981,
      "count": 70.0
    },
    "Dice_R-MCA": {
      "max": 0.983201581027668,
      "min": 0.4357058592213921,
      "std": 0.08210105938864434,
      "25pc": 0.8801659320715582,
      "50pc": 0.9355911639024619,